seed_diff,osrs_avg,dsrs_avg
0.39081807632671933,1.0526305261396331,1.157558954041824
