seed_diff,osrs_avg,dsrs_avg
0.3908180763267205,1.0526305261396336,1.1575589540418256
